{
	"saudiarabia" : {
		"image" : "saudiarabia.png",
		"texte" : "<h1>In condimentum facilisis porta. Sed nec diam eu diam viverra.</h1><p>Nulla fringilla, orci ac euismod semper, magna diam porttitor mauris, quis sollicitudin sapien justo in libero. Vestibulum mollis mauris enim. Morbi euismod magna ac lorem rutrum elementum. Donec viverra auctor lobortis. Pellentesque eu est a nulla placerat dignissim. Morbi a enim in magna semper bibendum. </p>",
		"references" : [
			{"name" : "ref1"},
			{"name" : "ref2"},
			{"name" : "ref3"}
		]
	},
	"qatar" : {
		"image" : "saudiarabia.png",
		"texte" : "<h1>Qatar</h1><p>Nulla fringilla, orci ac euismod semper, magna diam porttitor mauris, quis sollicitudin sapien justo in libero. Vestibulum mollis mauris enim. Morbi euismod magna ac lorem rutrum elementum. Donec viverra auctor lobortis. Pellentesque eu est a nulla placerat dignissim. Morbi a enim in magna semper bibendum. </p>"
	}
}